{
  "input_size": 8,
  "hidden_size": 8,
  "output_size": 1,
  "params": [
    0.6955714789779595,
    -0.11860028645869716,
    -0.3225370151704298,
    -0.832602707652178,
    -0.20236235489298998,
    -0.5084974372888822,
    1.7938878130174327,
    0.9665985371345838,
    0.7690299323545409,
    -0.2394342349627513,
    2.89776516174836,
    1.1017212086195443,
    -1.0729483555416421,
    -0.4401174956628685,
    0.25733806219130473,
    -0.29004312604753685,
    1.382504504342992,
    -0.4434878966192392,
    0.28758204456383274,
    0.8759019442495124,
    -0.06266640713756087,
    -1.7431281357021167,
    -0.6161115875315542,
    0.6701513897583405,
    -2.3794810532032944,
    -0.1497342526616468,
    1.012913536387799,
    0.8170627171170035,
    0.20390880664410638,
    -0.9802335380887723,
    -0.8245550286290577,
    -0.634644456819966,
    0.27109700369390366,
    -0.5244300364332765,
    0.4455762823822482,
    -0.3446860273042397,
    -0.2756565865735675,
    -1.1519474053452625,
    1.8764632032966502,
    0.6072692568988228,
    0.2517187285489024,
    -1.4497726026993205,
    0.5720717172018267,
    -0.6188260153511721,
    0.47581835757180646,
    -0.7374322906223982,
    -0.3131019598953758,
    0.6462124810982499,
    0.44875404699024146,
    -1.1672819653925706,
    -0.6319916884708081,
    0.06844908035297803,
    -0.3638129953314201,
    -0.25781825867045777,
    0.37438066915349644,
    -0.43008175026566564,
    0.2616089340655567,
    0.6195166374871148,
    -0.8800851935869081,
    1.242284399430317,
    1.6337260951913086,
    0.6138768906534539,
    1.7821677554333764,
    0.6102783873367152,
    1.1904896479432214,
    -0.5015912373147571,
    0.3394781244462316,
    0.7272991168234177,
    -0.09163408247845649,
    0.3458747078776812,
    0.10987784664645191,
    1.2666421206406113,
    -1.2767418009191158,
    0.305645102834463,
    -0.7579235158041121,
    -1.0313783905031497,
    -0.36823939510349774,
    -0.7345469533603246,
    -0.6261216574943598,
    -0.8515811264997952,
    0.2698431462114558
  ]
}